{"epoch": 30, "batch": 5730, "train_loss": 0.6759360432624817, "train_accuracy": 0.8333333333333334, "_timestamp": 1689494803.5445957, "_runtime": 540.7768166065216, "_step": 5759, "test_loss": 0.5623520016670227, "test_accuracy": 0.7695716395864106, "test_precision": 0.765652880282305, "test_recall": 0.7745942982456141, "test_f1-score": 0.7685218747123262, "_wandb": {"runtime": 539}}