{"epoch": 30, "batch": 5730, "train_loss": 0.2394391894340515, "train_accuracy": 0.9166666666666666, "_timestamp": 1690459346.7836254, "_runtime": 569.0802574157715, "_step": 5759, "test_loss": 0.1410314440727234, "test_accuracy": 0.9497784342688331, "test_precision": 0.9497784342688331, "test_recall": 0.9497784342688331, "test_f1-score": 0.9497784342688331, "_wandb": {"runtime": 568}}